"Country","CancerSiteICD10Code","CancerSite","Sex","SexQF","Year","IncidencesAgeUnder5","IncidencesAge5To9","IncidencesAge10To14","IncidencesAge15To19","IncidencesAge20To24","IncidencesAge25To29","IncidencesAge30To34","IncidencesAge35To39","IncidencesAge40To44","IncidencesAge45To49","IncidencesAge50To54","IncidencesAge55To59","IncidencesAge60To64","IncidencesAge65To69","IncidencesAge70To74","IncidencesAge75To79","IncidencesAge80To84","IncidencesAge85To89","IncidencesAge90AndOver","IncidencesAllAges","IncidenceRateAgeUnder5","IncidenceRateAge5To9","IncidenceRateAge10To14","IncidenceRateAge15To19","IncidenceRateAge20To24","IncidenceRateAge25To29","IncidenceRateAge30To34","IncidenceRateAge35To39","IncidenceRateAge40To44","IncidenceRateAge45To49","IncidenceRateAge50To54","IncidenceRateAge55To59","IncidenceRateAge60To64","IncidenceRateAge65To69","IncidenceRateAge70To74","IncidenceRateAge75To79","IncidenceRateAge80To84","IncidenceRateAge85To89","IncidenceRateAge90AndOver","CrudeRate","CrudeRateLower95pcConfidenceInterval","CrudeRateUpper95pcConfidenceInterval","EASR","EASRLower95pcConfidenceInterval","EASRLower95pcConfidenceIntervalQF","EASRUpper95pcConfidenceInterval","EASRUpper95pcConfidenceIntervalQF","WASR","WASRLower95pcConfidenceInterval","WASRLower95pcConfidenceIntervalQF","WASRUpper95pcConfidenceInterval","WASRUpper95pcConfidenceIntervalQF","StandardisedIncidenceRatio","StandardisedIncidenceRatioQF"
"S92000003","C00-C97, excluding C44","All cancer types","All","d","2017-2021",266,183,163,300,507,941,1639,2398,3294,5566,10116,14181,18390,23711,26710,23745,18853,11465,5402,167830,19.7047838177796,12.2491107681063,11.1247003838363,21.0924185410796,29.3331142510336,49.6631508392861,88.9212962435499,136.62167305146,203.470990250194,307.677510189123,506.882193483086,723.733466433741,1067.1974605459,1569.45418922676,1928.05350330425,2428.35111431096,2666.88733946408,2759.19994031561,2496.53387558924,615.390820655542,612.450115509887,618.342147268514,627.320270375335,624.281200533773,NA,630.366617820012,NA,292.339456005588,290.765770788402,NA,293.917329803793,NA,100,NA
"S92000003","C00-C97, excluding C44","All cancer types","Male",NA,"2017-2021",134,86,84,168,240,367,545,763,992,1857,3724,6551,9412,12823,15133,13106,9630,5269,2126,83010,19.2819627311317,11.2397290441133,11.2240793916549,23.1039305561859,27.4577236860621,38.7304843737798,59.8099251552863,88.6849406461796,124.780972914227,212.319322773391,386.404055789939,689.223453166262,1127.07899492144,1760.80610123502,2304.58327749418,2988.82554161916,3257.1306809534,3367.13892243886,3197.04055700086,624.613049920586,620.371110798984,628.876792978216,676.139053537381,671.481141437586,NA,680.812843215799,NA,294.602209733188,292.400559064185,NA,296.812004247935,NA,100,NA
"S92000003","C00-C97, excluding C44","All cancer types","Females",NA,"2017-2021",132,97,79,132,267,574,1094,1635,2302,3709,6392,7630,8978,10888,11577,10639,9223,6196,3276,84820,20.1534102012898,13.3087647133882,11.0209439787282,18.9883523720336,31.2517922961406,60.6002379667881,117.384115375495,182.709532073625,279.399109855312,396.934539512056,619.396650296713,756.244468165874,1010.89259857273,1391.37724367248,1588.74798095753,1972.65465657008,2242.56571109004,2391.94552108587,2185.73401565242,606.625303813286,602.54964510528,610.721686400383,578.50148721329,574.60131826487,NA,582.414665856417,NA,290.076702277988,287.829987543814,NA,292.332031121505,NA,100,NA
"S92000003","C67","Bladder","All","d","2017-2021",1,0,0,1,0,1,5,12,32,52,103,198,306,495,710,751,728,498,240,4133,0.0740781346533069,0,0,0.0703080618035987,0,0.052776993453014,0.271266919595943,0.683678097004806,1.97664592835647,2.87445751524153,5.16101877508481,10.105015609187,17.7576086420362,32.7645322283853,51.2511414206672,76.8031874856825,102.980638791166,119.850115157189,110.915981144283,15.1546818910168,14.6961430831545,15.6238891690504,16.4732906443041,15.9638346171016,NA,16.9906371125774,NA,5.8674460216073,5.67173117957286,NA,6.06643435280675,NA,100,NA
"S92000003","C67","Bladder","Male",NA,"2017-2021",1,0,0,1,0,1,2,4,22,26,75,138,208,367,520,534,501,313,142,2855,0.143895244262177,0,0,0.137523396167773,0,0.105532654969427,0.21948596387261,0.464927604960313,2.76731996382358,2.97269918799578,7.78203656934625,14.5188271312691,24.9078230921865,50.3950588125441,79.1900683471205,121.778791334093,169.451970005987,200.021727599803,213.53704566986,21.4825955610562,20.7017363919602,22.2853707233339,24.4270180040997,23.5219416402972,NA,25.3489412907984,NA,8.57068356786007,8.23417316235767,NA,8.91383903272213,NA,100,NA
"S92000003","C67","Bladder","Females",NA,"2017-2021",0,0,0,0,0,0,3,8,10,26,28,60,98,128,190,217,227,185,98,1278,0,0,0,0,0,0,0.32189428347942,0.893991594244035,1.21372332691274,2.78250149024359,2.71325190993554,5.9468765517631,11.0344703341643,16.3571167514766,26.0742952735537,40.2355541381433,55.1948841393732,71.4186445127318,65.3852055964398,9.14014546419924,8.64584031803697,9.65534570233093,8.51956328450847,8.05709190158712,NA,8.99475831378249,NA,3.16420847535453,2.96660889133805,NA,3.36808887448903,NA,100,NA
"S92000003","C40-C41","Bone and articular cartilage","All","d","2017-2021",4,8,22,18,13,15,10,6,10,11,18,26,21,23,18,15,11,4,5,258,0.296312538613228,0.535480252157651,1.50149330333987,1.26554511246478,0.752131134641887,0.791654901795209,0.542533839191885,0.341839048502403,0.617701852611396,0.608058320531863,0.901925611179869,1.32692124161041,1.21865941661033,1.52239240657144,1.29932471207325,1.53401839185784,1.5560261355808,0.96265152736698,2.31074960717257,0.946021758500446,0.834097495228572,1.06878035764717,0.941341548981489,0.829509939193014,NA,1.06014206258167,NA,0.839532084469993,0.724154908964874,NA,0.963312907150177,NA,100,NA
"S92000003","C40-C41","Bone and articular cartilage","Male",NA,"2017-2021",0,3,11,10,9,10,5,5,4,6,10,18,15,9,12,6,5,2,0,140,0,0.392083571306279,1.46981992033576,1.37523396167773,1.02966463822733,1.05532654969427,0.548714909681526,0.581159506200391,0.50314908433156,0.686007504922104,1.03760487591283,1.89376006060032,1.79623724222499,1.23584612891798,1.82746311570278,1.36830102622577,1.69113742520945,1.27809410606903,0,1.05343726043708,0.886170770857609,1.24309728012109,1.04175818795132,0.87565849942279,NA,1.22206927534903,NA,0.900932508256046,0.741027850704876,NA,1.07622629115212,NA,100,NA
"S92000003","C40-C41","Bone and articular cartilage","Females",NA,"2017-2021",4,5,11,8,4,5,5,1,6,5,8,8,6,14,6,9,6,2,5,118,0.610709400039085,0.686018799659186,1.53456181982291,1.1508092346687,0.468191644886001,0.52787663734136,0.536490472465699,0.111748949280504,0.728233996147642,0.535096440431459,0.775214831410155,0.792916873568413,0.675579816377406,1.78905964469275,0.823398798112221,1.66875570158198,1.45889561601867,0.772093454191695,3.33597987736938,0.843925794034045,0.698539686113151,1.0106478026165,0.840924910011663,0.695552374838295,NA,0.999887649222702,NA,0.778131660683939,0.616902885030184,NA,0.9577952360177,NA,100,NA
"S92000003","C40-C41, C47+C49","Bone and connective tissue","All","d","2017-2021",16,13,34,37,27,34,36,35,30,37,72,79,80,88,90,90,76,54,24,952,1.18525015445291,0.870155409756182,2.32048965061616,2.60139828673315,1.56211851041007,1.79441777740247,1.95312182109079,1.99406111626402,1.85310555783419,2.04528707815263,3.60770244471948,4.03179915720087,4.64251206327744,5.82480572949073,6.49662356036626,9.20411035114704,10.7507260276492,12.9957956194542,11.0915981144283,3.4907469538466,3.27249808474366,3.71972443871797,3.57762015616172,3.35113696538299,NA,3.81140415328919,NA,2.47214615624072,2.28548110754726,NA,2.66603432876831,NA,100,NA
"S92000003","C40-C41, C47+C49","Bone and connective tissue","Male",NA,"2017-2021",6,3,15,19,16,19,15,18,12,19,33,47,50,48,51,53,47,31,12,514,0.863371465573063,0.392083571306279,2.00429989136695,2.61294452718769,1.83051491240414,2.00512044441912,1.64614472904458,2.09217422232141,1.50944725299468,2.17235709892,3.42409609051235,4.94481793601195,5.98745747408329,6.5911793542292,7.76671824173682,12.0866590649943,15.8966917969688,19.81045864407,18.0453841411149,3.86761965617614,3.54044571057457,4.21689511041081,4.0896901375021,3.73863338816804,NA,4.45627478171967,NA,2.56875911229927,2.31277021570356,NA,2.83799086833953,NA,100,NA
"S92000003","C40-C41, C47+C49","Bone and connective tissue","Females",NA,"2017-2021",10,10,19,18,11,15,21,17,18,18,39,32,30,40,39,37,29,23,12,438,1.52677350009771,1.37203759931837,2.65060677969412,2.58932077800458,1.2875270234365,1.58362991202408,2.25325998435594,1.89973213776857,2.18470198844293,1.92634718555325,3.7791723031245,3.17166749427365,3.37789908188703,5.11159898483644,5.35209218772944,6.8604401065037,7.05132881075692,8.8790747232045,8.00635170568651,3.13253811683824,2.84600530504185,3.44010329754704,3.06555017482133,2.78403948070379,NA,3.36042425563235,NA,2.37553320018217,2.10805761611046,NA,2.65875286690568,NA,100,NA
"S92000003","C47+C49","Connective tissue","All","d","2017-2021",12,5,12,19,14,19,26,29,20,26,54,53,59,65,72,75,65,50,19,694,0.888937615839683,0.334675157598532,0.818996347276291,1.33585317426837,0.809987375768186,1.00276287560727,1.4105879818989,1.65222206776162,1.23540370522279,1.43722875762077,2.70577683353961,2.70487791559046,3.42385264666711,4.30241332291929,5.19729884829301,7.6700919592892,9.19469989206837,12.0331440920872,8.78084850725575,2.54472519534616,2.35889617942435,2.74130256060245,2.63627860718023,2.44085418938411,NA,2.83912161868321,NA,1.63261407177073,1.48795387916353,NA,1.78388888203693,NA,100,NA
"S92000003","C47+C49","Connective tissue","Male",NA,"2017-2021",6,0,4,9,7,9,10,13,8,13,23,29,35,39,39,47,42,29,12,374,0.863371465573063,0,0.534479971031186,1.23771056550996,0.800850274176812,0.949793894724845,1.09742981936305,1.51101471612102,1.00629816866312,1.48634959399789,2.38649121459952,3.05105787541163,4.1912202318583,5.35533322531123,5.93925512603404,10.7183580387685,14.2055543717594,18.5323645380009,18.0453841411149,2.81418239573906,2.53616494004701,3.11435659814753,3.04793194955078,2.74173542479438,NA,3.37010363545265,NA,1.66782660404323,1.47178728548383,NA,1.87594465979215,NA,100,NA
"S92000003","C47+C49","Connective tissue","Females",NA,"2017-2021",6,5,8,10,7,10,16,16,12,13,31,24,24,26,33,28,23,21,7,320,0.916064100058628,0.686018799659186,1.11604495987121,1.43851154333588,0.819335378550502,1.05575327468272,1.71676951189024,1.78798318848807,1.45646799229528,1.39125074512179,3.00395747171435,2.37875062070524,2.70231926550962,3.32253934014369,4.52869338961722,5.19168440492172,5.59243319473825,8.1069812690128,4.67037182831713,2.28861232280419,2.0447009270243,2.55361210343078,2.22462526480967,1.98658793688386,NA,2.47593711503286,NA,1.59740153949824,1.38849394918168,NA,1.82073531787643,NA,100,NA
"S92000003","C71","Malignant brain cancer","All","d","2017-2021",46,40,22,24,28,41,64,72,55,89,163,237,255,285,287,246,159,77,35,2225,3.40759419405212,2.67740126078825,1.50149330333987,1.68739348328637,1.61997475153637,2.16385673157357,3.47221657082806,4.10206858202884,3.39736018936268,4.91974459339416,8.1674374790177,12.0953974716026,14.7980072016968,18.8644276466461,20.7170106869458,25.1579016264686,22.4916505052134,18.5310419018144,16.175247250208,8.15852097931586,7.82301125082546,8.50471935566578,8.24163389857066,7.89944568045227,NA,8.59097574044288,NA,5.16384791470436,4.90879608586825,NA,5.42526842925886,NA,100,NA
"S92000003","C71","Malignant brain cancer","Male",NA,"2017-2021",30,21,14,19,13,18,31,41,37,53,88,140,144,164,160,131,77,36,17,1234,4.31685732786531,2.74458499914395,1.87067989860915,2.61294452718769,1.48729336632836,1.89958778944969,3.40203244002546,4.7655079508432,4.65412903006693,6.05973296014525,9.13092290803293,14.7292449157803,17.2438775253599,22.5198627936164,24.3661748760371,29.8745724059293,26.0435163482255,23.0056939092425,25.5642941999128,9.28529699556683,8.77439285532927,9.81818854637488,9.65619378622817,9.11928909513209,NA,10.2082391543574,NA,6.04603961656432,5.65392692439951,NA,6.45111209480074,NA,100,NA
"S92000003","C71","Malignant brain cancer","Females",NA,"2017-2021",16,19,8,5,15,23,33,31,18,36,75,97,111,121,127,115,82,41,18,991,2.44283760015634,2.60687143870491,1.11604495987121,0.71925577166794,1.7557186683225,2.42823253177026,3.54083711827362,3.46421742769564,2.18470198844293,3.8526943711065,7.2676390444702,9.61411709201701,12.498226602982,15.4625869291302,17.4286078933753,21.3229895202142,19.9382400855885,15.8279158109298,12.0095275585298,7.08754628718423,6.65308599745354,7.54292802316546,6.82707401091314,6.40734692697881,NA,7.25992852112856,NA,4.28165621284439,3.9594807702009,NA,4.61625353779246,NA,100,NA
"S92000003","C70-C72, C75.1-C75.3","Malig brain ca (incl pit. gland, cranio. duct, pineal gland)","All","d","2017-2021",59,49,27,32,34,43,71,75,59,92,169,244,256,291,292,251,163,78,36,2321,4.37060994454511,3.27981654446561,1.84274178137166,2.24985797771516,1.96711219829417,2.2694107184796,3.85199025826238,4.27298810628004,3.64444093040724,5.08557868081195,8.46807934941099,12.45264549819,14.8560386024878,19.2615734918387,21.0779342180772,25.6692410904212,23.0574781908791,18.7717047836561,16.6373971716425,8.51052907550207,8.16778312759719,8.86396208881825,8.59709865475057,8.24761019759889,NA,8.95373751532146,NA,5.57554214086242,5.30326364015985,NA,5.85454082429361,NA,100,NA
"S92000003","C70-C72, C75.1-C75.3","Malig brain ca (incl pit. gland, cranio. duct, pineal gland)","Male",NA,"2017-2021",35,26,18,26,16,20,36,42,40,55,91,141,144,168,162,135,79,37,17,1288,5.0363335491762,3.39805761798775,2.40515986964034,3.5756083003621,1.83051491240414,2.11065309938854,3.95074734970699,4.88173985208328,5.0314908433156,6.28840212845262,9.44220437080678,14.8344538080359,17.2438775253599,23.0691277398022,24.6707520619875,30.7867730900798,26.7199713183093,23.6447409622771,25.5642941999128,9.69162279602114,9.16950391142979,10.2357246802283,10.0669853986895,9.51905549409252,NA,10.6300315415654,NA,6.51015711410166,6.09430592489583,NA,6.93953867678854,NA,100,NA
"S92000003","C70-C72, C75.1-C75.3","Malig brain ca (incl pit. gland, cranio. duct, pineal gland)","Females",NA,"2017-2021",24,23,9,6,18,23,35,33,19,37,78,103,112,123,130,116,84,41,19,1033,3.66425640023451,3.15568647843225,1.25555057985511,0.863106926001528,2.10686240198701,2.42823253177026,3.7554333072599,3.68771532625664,2.3060743211342,3.9597136591928,7.55834460624901,10.2088047471933,12.6108232390449,15.7181668783721,17.8403072924315,21.50840682039,20.4245386242614,15.8279158109298,12.6767235340036,7.38792665455228,6.94421172628852,7.8525584981718,7.12721191081164,6.69788236643623,NA,7.56968951336819,NA,4.64092716762318,4.29365095912614,NA,5.00151600825032,NA,100,NA
"S92000003","D18.0, D32-D33, D35.2-D35.4, D42-D43, D44.3-D44.5","Non-malig brain ca (incl pit.gland,cranio.duct,pineal gland)","All","d","2017-2021",16,14,14,31,35,60,80,122,158,164,230,281,285,310,320,307,263,196,118,3004,1.18525015445291,0.937090441275889,0.955495738489006,2.17954991591156,2.02496843942047,3.16661960718084,4.34027071353508,6.95072731954886,9.75968927126006,9.06559677883869,11.5246050317428,14.3409564958664,16.5389492254259,20.5192020016151,23.0991059924134,31.3962430866904,37.2031703325228,47.169924840982,54.5336907292726,11.0149200098269,10.6245103053987,11.4160078050621,10.9731403755437,10.5794362604628,NA,11.3739364981091,NA,6.32380648028959,6.06170464340817,NA,6.59137796036853,NA,100,NA
"S92000003","D18.0, D32-D33, D35.2-D35.4, D42-D43, D44.3-D44.5","Non-malig brain ca (incl pit.gland,cranio.duct,pineal gland)","Male",NA,"2017-2021",11,6,8,15,18,20,29,48,73,52,92,102,118,142,108,110,85,52,31,1120,1.58284768688395,0.784167142612557,1.06895994206237,2.0628509425166,2.05932927645466,2.11065309938854,3.18254647615285,5.57913125952375,9.18247078905097,5.94539837599157,9.54596485839806,10.7313070100685,14.1303996388366,19.4989055895947,16.447168041325,25.0855188141391,28.7493362285606,33.2304467577948,46.6172423645468,8.42749808349664,7.94110569955686,8.93588821345786,8.99623363591834,8.4689494390873,NA,9.53921650733842,NA,5.28358540442187,4.93598206278074,NA,5.64284875338781,NA,100,NA
"S92000003","D18.0, D32-D33, D35.2-D35.4, D42-D43, D44.3-D44.5","Non-malig brain ca (incl pit.gland,cranio.duct,pineal gland)","Females",NA,"2017-2021",5,8,6,16,17,40,51,74,85,112,138,179,167,168,212,197,178,144,87,1884,0.763386750048857,1.0976300794547,0.837033719903406,2.30161846933741,1.98981449076551,4.22301309873088,5.47220281915013,8.26942224675732,10.3166482787583,11.9861602656647,13.3724558418252,17.7415150460932,18.8036382225045,21.4687157363131,29.0934241999651,36.5272081346278,43.2805699418873,55.5907287018021,58.0460498662272,13.4742050505097,12.8725768352079,14.0966940332333,12.950047115169,12.3693973365287,NA,13.5438280882499,NA,7.36402755615731,6.97475730507062,NA,7.76371934401648,NA,100,NA
"S92000003","C70-C72, C75.1-C75.3, D18.0, D32-D33, D35.2-D35.4, D42-D43, D44.3-D44.5","All brain and CNS tumours (malignant and non-malignant)","All","d","2017-2021",75,63,41,63,69,103,151,197,217,256,399,525,541,601,612,558,426,274,154,5325,5.55586009899802,4.2169069857415,2.79823751986066,4.42940789362672,3.99208063771463,5.43603032566044,8.19226097179746,11.2237154258289,13.4041302016673,14.1511754596506,19.9926843811538,26.7936019940564,31.3949878279137,39.7807754934537,44.1770402104906,57.0654841771116,60.2606485234019,65.9416296246381,71.1710879009151,19.525449085329,19.0044984927484,20.0570615240694,19.5702390302942,19.0423177793947,NA,20.1052780401791,NA,11.899348621152,11.5201170273344,NA,12.2846359317957,NA,100,NA
"S92000003","C70-C72, C75.1-C75.3, D18.0, D32-D33, D35.2-D35.4, D42-D43, D44.3-D44.5","All brain and CNS tumours (malignant and non-malignant)","Male",NA,"2017-2021",46,32,26,41,34,40,65,90,113,107,183,243,262,310,270,245,164,89,48,2408,6.61918123606015,4.18222476060031,3.47411981170271,5.6384592428787,3.8898441888588,4.22130619877709,7.13329382585984,10.460871111607,14.2139616323666,12.2338005044442,18.9881692292048,25.5657608181043,31.3742771641964,42.5680333293969,41.1179201033126,55.8722919042189,55.4693075468699,56.8751877200718,72.1815365644596,18.1191208795178,17.4025766014849,18.85759334593,19.0632190346078,18.2995656743579,NA,19.8422639683344,NA,11.7937425185235,11.2491358693602,NA,12.3510421276366,NA,100,NA
"S92000003","C70-C72, C75.1-C75.3, D18.0, D32-D33, D35.2-D35.4, D42-D43, D44.3-D44.5","All brain and CNS tumours (malignant and non-malignant)","Females",NA,"2017-2021",29,31,15,22,35,63,86,107,104,149,216,282,279,291,342,313,262,185,106,2917,4.42764315028337,4.25331655788695,2.09258429975852,3.16472539533893,4.09667689275251,6.65124563050113,9.22763612641003,11.957137573014,12.6227225998925,15.9458739248575,20.9308004480742,27.9503197932866,31.4144614615494,37.1868826146851,46.9337314923966,58.0356149550178,63.7051085661488,71.4186445127318,70.7227734002308,20.862131705062,20.1118538666802,21.6332387969844,20.0772590259807,19.3524822822858,NA,20.815173277272,NA,12.0049547237805,11.480713107425,NA,12.5407360122351,NA,100,NA
"S92000003","C50","Breast","All","d","2017-2021",0,0,0,1,10,95,285,613,1082,1733,3162,2921,3030,3204,2469,2131,1713,1116,641,24206,0,0,0,0.0703080618035987,0.57856241126299,5.01381437803633,15.4622144169687,34.9245561219955,66.8353404525531,95.7968244983381,158.438265697264,149.074497951693,175.835144396633,212.075881332821,178.224039672715,217.932879536604,242.315706386356,268.579776135387,296.238099639523,88.7573747529527,87.6427250523501,89.8826602278214,83.5015202528405,82.449057316287,NA,84.5605656772171,NA,46.8548901747958,46.2099082964091,NA,47.5042803231032,NA,100,NA
"S92000003","C50","Breast","Male",NA,"2017-2021",0,0,0,0,0,1,0,1,0,5,9,8,19,23,21,21,17,10,6,141,0,0,0,0,0,0.105532654969427,0,0.116231901240078,0,0.57167292076842,0.93384438832155,0.841671138044587,2.27523384015165,3.15827344056816,3.19806045247987,4.78905359179019,5.74986724571212,6.39047053034515,9.02269207055745,1.06096181229734,0.893072860478863,1.25124213980232,1.16607792373367,0.978107580607795,NA,1.37032446168199,NA,0.492311940065396,0.408598883351888,NA,0.583710291550696,NA,100,NA
"S92000003","C50","Breast","Females",NA,"2017-2021",0,0,0,1,10,94,285,612,1082,1728,3153,2913,3011,3181,2448,2110,1696,1106,635,24065,0,0,0,0.143851154333588,1.170479112215,9.92408078201757,30.5799569305449,68.3903569596687,131.324863971958,184.929329813112,305.531545429527,288.720856588099,339.028471185395,406.499909269118,335.946709629786,391.230503370887,412.381160794612,426.967680168008,423.669444425911,172.110798588384,169.943061096258,174.299281045177,165.836962581947,163.741164141443,NA,167.945904053856,NA,93.2174684095262,91.9304765991564,NA,94.5132827154133,NA,100,NA
"S92000003","D05","Carcinoma in situ of the breast","All","d","2017-2021",0,0,0,0,2,2,17,30,93,142,456,374,321,386,195,105,78,33,9,2243,0,0,0,0,0.115712482252598,0.105553986906028,0.922307526626205,1.70919524251202,5.74462722928599,7.84948013777496,22.84878214989,19.0872517062421,18.6280796539007,25.5497160407207,14.0760177141269,10.7381287430049,11.033639870482,7.94187510077758,4.15934929291062,8.22452249735077,7.88764425852364,8.57208907962303,7.73231903367836,7.41481352970168,NA,8.05638751347004,NA,4.71534556909065,4.5121255802318,NA,4.92297907859596,NA,100,NA
"S92000003","D05","Carcinoma in situ of the breast","Male",NA,"2017-2021",0,0,0,0,1,0,0,1,1,0,0,0,1,1,1,0,1,0,0,7,0,0,0,0,0.114407182025259,0,0,0.116231901240078,0.12578727108289,0,0,0,0.119749149481666,0.137316236546442,0.152288592975232,0,0.338227485041889,0,0,0.052671863021854,0.0211768207347745,0.108524168722894,0.0546132317378864,NA,"z",NA,"z",0.0373200872617728,NA,"z",NA,"z",100,NA
"S92000003","D05","Carcinoma in situ of the breast","Females",NA,"2017-2021",0,0,0,0,1,2,17,29,92,142,456,374,320,385,194,105,77,33,9,2236,0,0,0,0,0.1170479112215,0.211150654936544,1.82406760638338,3.24071952913463,11.1662546075972,15.1967389082534,44.1872453903788,37.0688638393233,36.0309235401283,49.1991402290507,26.6232278056285,19.4688165184564,18.7224937389063,12.739541994163,6.00476377926488,15.9916786055943,15.3356421111391,16.6685626982041,15.4100248356188,14.7762962812536,NA,16.0568731184193,NA,9.39337105091954,8.98805438127853,NA,9.80750115254197,NA,100,NA
"S92000003","C18-C20","Colorectal cancer","All","d","2017-2021",0,2,5,17,28,48,95,205,262,464,1027,1448,2047,2825,3133,2918,2726,1682,750,19682,0,0.133870063039413,0.341248478031788,1.19523705066118,1.61997475153637,2.53329568574467,5.15407147232291,11.6795008238321,16.1837885384186,25.6490055206168,51.4598668156514,73.8993060712261,118.790277419111,186.989502111492,226.154684606972,298.417711162745,385.611567781206,404.794967257815,346.612441075885,72.1689932201774,71.1642302096673,73.1843945173523,74.0469585877677,73.0005202292634,NA,75.1007407587136,NA,31.6366413264836,31.1469129248806,NA,32.1301369527968,NA,100,NA
"S92000003","C18-C20","Colorectal cancer","Male",NA,"2017-2021",0,0,2,6,15,28,39,104,138,240,533,840,1235,1641,1752,1623,1459,763,284,10702,0,0,0.267239985515593,0.825140377006638,1.71610773037888,2.95491433914396,4.2799762955159,12.0881177289681,17.3586434094388,27.4403001968842,55.304339886154,88.3754694946817,147.890199609857,225.335944172711,266.809614892606,370.125427594071,493.473900676117,487.592901465335,427.074091339719,80.5277540085545,79.0092212705248,82.0681362842059,87.5502130127379,85.875303970349,NA,89.2410740128323,NA,36.970479551484,36.2154852108368,NA,37.7331547170062,NA,100,NA
"S92000003","C18-C20","Colorectal cancer","Females",NA,"2017-2021",0,2,3,11,13,20,56,101,124,224,494,608,812,1184,1381,1295,1267,919,466,8980,0,0.274407519863674,0.418516859951703,1.58236269766947,1.5216228458795,2.11150654936544,6.00869329161583,11.2866438773309,15.0501692537179,23.9723205313294,47.869515839577,60.2616823911994,91.4284684830756,151.303329951159,189.51895669883,240.115403727629,308.070124249277,354.776942201084,310.913324570826,64.2241833086926,62.9026324443398,65.5665078494619,60.5437041627976,59.2936362402372,NA,61.8066313494484,NA,26.3028031014831,25.6812563535598,NA,26.9316784751016,NA,100,NA
"S92000003","C18","Colon","All","d","2017-2021",0,2,5,17,22,37,66,128,157,279,636,878,1337,1947,2228,2157,2042,1291,605,13834,0,0.133870063039413,0.341248478031788,1.19523705066118,1.27283730477858,1.95274875776152,3.58072333866644,7.29256636805127,9.69791908599892,15.4225701298536,31.8680382616887,44.8091096205362,77.5879828575242,128.873826764982,160.827525472178,220.591844749157,288.855033532363,310.695780457693,279.600702467881,50.725833360834,49.8840262226768,51.5782837125342,51.9736433795484,51.0970912115132,NA,52.857546896435,NA,21.4839339685501,21.0849491789883,NA,21.8866065992629,NA,100,NA
"S92000003","C18","Colon","Male",NA,"2017-2021",0,0,2,6,13,22,28,58,88,135,306,484,758,1056,1153,1147,1038,553,223,7070,0,0,0.267239985515593,0.825140377006638,1.48729336632836,2.3217184093274,3.07280349421654,6.74145027192453,11.0692798552943,15.4351688607473,31.7507092029327,50.9211038516975,90.7698553071027,145.005945793042,175.588747700442,261.57354618016,351.080129473481,353.393020328087,335.343388622385,53.1985816520725,51.965676036515,54.4533531732281,58.4432181745796,57.0673932093169,NA,59.835203197851,NA,23.8104713535078,23.2104165810812,NA,24.4180776288419,NA,100,NA
"S92000003","C18","Colon","Females",NA,"2017-2021",0,2,3,11,9,15,38,70,69,144,330,394,579,891,1075,1010,1004,738,382,6764,0,0.274407519863674,0.418516859951703,1.58236269766947,1.0534312009935,1.58362991202408,4.07732759073932,7.82242644963531,8.37469095569788,15.410777484426,31.9776117956689,39.0511560232444,65.1934522804197,113.860867387232,147.525617995106,187.271473177533,244.121866413791,284.902484596736,254.868862631021,48.3755429732736,47.2294835618007,49.5423872834352,45.5040685845172,44.4223792465312,NA,46.5985887494098,NA,19.1573965835925,18.6336865140475,NA,19.6882637027072,NA,100,NA
"S92000003","C19-C20","Rectum and rectosigmoid junction","All","d","2017-2021",0,0,0,0,6,11,29,77,105,185,391,570,710,878,905,761,684,391,145,5848,0,0,0,0,0.347137446757794,0.580546927983154,1.57334813365647,4.38693445578084,6.48586945241966,10.2264353907632,19.5918285539627,29.0901964506898,41.2022945615873,58.1156753465097,65.3271591347941,77.8258664135877,96.7565342488425,94.0991868001223,67.0117386080044,21.4431598593434,20.8970581598645,21.9999211600696,22.0733152082193,21.5043348251732,NA,22.6496215660473,NA,10.1527073579335,9.8700419467874,NA,10.4393079199971,NA,100,NA
"S92000003","C19-C20","Rectum and rectosigmoid junction","Male",NA,"2017-2021",0,0,0,0,2,6,11,46,50,105,227,356,477,585,599,476,421,210,61,3632,0,0,0,0,0.228814364050518,0.633195929816563,1.20717280129936,5.3466674570436,6.2893635541445,12.0051313361368,23.5536306832213,37.4543656429841,57.1203443027546,80.3299983796684,91.2208671921638,108.551881413911,142.393771202635,134.199881137248,91.7307027173341,27.329172356482,26.4475254879158,28.2327196482745,29.1069948381583,28.1572323731674,NA,30.0722910979262,NA,13.1600081979763,12.7043923022096,NA,13.6235387264646,NA,100,NA
"S92000003","C19-C20","Rectum and rectosigmoid junction","Females",NA,"2017-2021",0,0,0,0,4,5,18,31,55,80,164,214,233,293,306,285,263,181,84,2216,0,0,0,0,0.468191644886001,0.52787663734136,1.93136570087652,3.46421742769564,6.67547829802005,8.56154304690334,15.8919040439082,21.2105263679551,26.2350162026559,37.4424625639269,41.9933387037233,52.843930550096,63.9482578354852,69.8744576043484,56.0444619398056,15.848640335419,15.1955749985424,16.5225539337299,15.0396355782804,14.4177905402315,NA,15.6744254990552,NA,7.14540651789067,6.81337699009975,NA,7.48522437127088,NA,100,NA
"S92000003","C53","Cervix uteri","Females",NA,"2017-2021",0,0,0,0,5,89,225,233,192,176,139,120,95,90,75,65,43,31,6,1584,0,0,0,0,0.585239556107501,9.39620414467621,24.1420712609565,26.0375051823575,23.3034878767245,18.8353947031874,13.4693576957514,11.8937531035262,10.6966804259756,11.501097715882,10.2924849764028,12.0521245114254,10.4554185814672,11.9674485399713,4.00317585284326,11.3286309978807,10.7775463703198,11.9005909192109,11.4084167681737,10.8509575258915,NA,11.9796432178642,NA,8.68363068731737,8.23684396989447,NA,9.14205135570458,NA,100,NA
"S92000003","D06","Carcinoma in situ of the cervix uteri","Females",NA,"2017-2021",0,0,0,2,369,2339,2705,1688,964,584,332,211,133,36,14,1,3,1,0,9382,0,0,0,0.287702308667176,43.1906792407336,246.940690948288,290.241345603943,188.632226385491,117.002928714388,62.4992642423944,32.1714155035214,20.9131825403669,14.9753525963658,4.6004390863528,1.92126386226185,0.185417300175776,0.729447808009337,0.386046727095848,0,67.0992525392154,65.7482946187837,68.4709825389104,66.949210693662,65.5951118008104,NA,68.3169516835861,NA,65.9662235042213,64.6191574673937,NA,67.326992915665,NA,100,NA
"S92000003","C54","Corpus uteri","Females",NA,"2017-2021",0,0,0,0,0,4,14,38,58,128,291,568,585,670,693,491,298,166,71,4075,0,0,0,0,0,0.422301309873088,1.50217332290396,4.24646007265917,7.03959529609387,13.6984688750454,28.1984394925444,56.2970980233573,65.8690320967971,85.6192829960104,95.1025611819615,91.0398943863058,72.4584822622608,64.0837566979107,47.3709142586452,29.1440475482096,28.2560238043235,30.0528806674961,27.8094520523937,26.9601241806547,NA,28.671767919952,NA,13.9526640664751,13.4922437322908,NA,14.4207014058113,NA,100,NA
"S92000003","C56","Ovary","Females",NA,"2017-2021",1,2,7,9,23,43,64,69,105,154,226,307,342,370,344,351,239,181,79,2916,0.152677350009771,0.274407519863674,0.976539339887307,1.29466038900229,2.69210195809451,4.53973908113569,6.86707804756095,7.7106775003548,12.7440949325837,16.4809703652889,21.8998189873369,30.4281850231879,38.5080495335121,47.2822906097371,47.208197758434,65.0814723616972,58.1126753714105,69.8744576043484,52.7084820624362,20.8549797915532,20.1048317374928,21.6259571212854,20.0269304600346,19.3040569582317,NA,20.7629053760768,NA,10.931250575138,10.4841131088364,NA,11.3875944645814,NA,100,NA
"S92000003","C53-C55","Uterus","Females",NA,"2017-2021",0,0,0,0,5,93,239,275,254,317,452,707,711,792,793,581,359,212,96,5886,0,0,0,0,0.585239556107501,9.81850545454929,25.6442445838604,30.7309610521387,30.8285725035835,33.9251143233545,43.7996379746737,70.0740287016085,80.0562082407226,101.209659899762,108.825874483832,107.727451402126,87.290587691784,81.8419061443197,64.0508136454921,42.0961629125796,41.0275269601181,43.1855898769178,40.7665094640786,39.7282364754514,NA,41.8179890395079,NA,23.3983638074256,22.7451628723546,NA,24.0606832010496,NA,100,NA
"S92000003","C52","Vagina","Females",NA,"2017-2021",1,0,0,0,0,1,1,1,2,7,12,17,12,18,21,22,13,7,6,141,0.152677350009771,0,0,0,0,0.105575327468272,0.10729809449314,0.111748949280504,0.242744665382547,0.749135016604043,1.16282224711523,1.68494835633288,1.35115963275481,2.3002195431764,2.88189579339277,4.07918060386706,3.16094050137379,2.70232708967093,4.00317585284326,1.0084198047356,0.84884521680254,1.18927688034711,0.963549812011192,0.810671963325373,NA,1.12943791416155,NA,0.478145000676956,0.390318595908471,NA,0.574750473565578,NA,100,NA
"S92000003","C51","Vulva","Females",NA,"2017-2021",1,0,0,0,0,3,10,13,24,28,59,61,76,63,95,65,73,52,45,668,0.152677350009771,0,0,0,0,0.316725982404816,1.0729809449314,1.45273634064656,2.91293598459057,2.99654006641617,5.71720938164989,6.04599116095915,8.55734434078047,8.0507684011174,13.0371476367768,12.0521245114254,17.7498966615605,20.0744298089841,30.0238188963244,4.77747822385375,4.42200716091103,5.1539187648952,4.54020747490005,4.20118158554806,NA,4.8922012618648,NA,2.24990755940575,2.05834887233219,NA,2.44986725056613,NA,100,NA
"S92000003","C00-C14, C30-C32","Head and neck","All","d","2017-2021",2,2,4,7,12,15,35,80,130,297,619,895,1031,1060,865,701,436,228,109,6528,0.148156269306614,0.133870063039413,0.27299878242543,0.492156432625191,0.694274893515588,0.791654901795209,1.8988684371716,4.55785398003204,8.03012408394815,16.4175746543603,31.0162196289077,45.67671197082,59.830374215488,70.1624326506838,62.4397708857424,71.6897928461564,61.6752177375663,54.8711370599178,50.374341436362,23.9365505406624,23.3593743908999,24.5243837861386,24.4462090451394,23.8513412856697,NA,25.0483020399362,NA,12.7494315070079,12.4187852671311,NA,13.0843614117065,NA,100,NA
"S92000003","C00-C14, C30-C32","Head and neck","Male",NA,"2017-2021",2,0,3,4,4,9,21,42,89,207,439,658,716,759,627,496,274,134,46,4530,0.287790488524354,0,0.400859978273389,0.550093584671092,0.457628728101035,0.949793894724845,2.30460262066241,4.88173985208328,11.1950671263772,23.6672589198126,45.5508540525734,69.2274511041673,85.7403910288727,104.223023538749,95.4849477954703,113.112884834664,92.6743309014777,85.632305106625,69.1739725409405,34.0862199269998,33.1007578006332,35.09356973731,35.2399003305003,34.2118474405319,NA,36.2829597743341,NA,18.2664011762672,17.7052339798536,NA,18.8362013553721,NA,100,NA
"S92000003","C00-C14, C30-C32","Head and neck","Females",NA,"2017-2021",0,2,1,3,8,6,14,38,41,90,180,237,315,301,238,205,162,94,63,1998,0,0.274407519863674,0.139505619983901,0.431553463000764,0.936383289772002,0.633451964809632,1.50217332290396,4.24646007265917,4.97626564034222,9.63173592776626,17.4423337067285,23.4901623794642,35.4679403598138,38.4647823608942,32.6614856584514,38.010546536034,39.3901816325042,36.2883923470097,42.0333464548542,14.2895231905087,13.6697565932349,14.9301459116326,13.6525177597785,13.0587721167809,NA,14.2592781360277,NA,7.23246183774854,6.88565474283394,NA,7.58767006407798,NA,100,NA
"S92000003","C32","Larynx","All","d","2017-2021",0,0,0,0,1,0,5,14,18,46,107,165,205,259,217,193,78,49,20,1377,0,0,0,0,0.057856241126299,0,0.271266919595943,0.797624446505607,1.11186333470051,2.54278934040597,5.36144668868033,8.42084634098916,11.8964371621484,17.1434623174784,15.6640812511053,19.7377033085709,11.033639870482,11.7924812102455,9.24299842869027,5.04911612967098,4.78592220664923,5.32301921267011,5.27378309965816,4.99612672539281,NA,5.55884208910048,NA,2.58286248404361,2.43996959631538,NA,2.72976421887398,NA,100,NA
"S92000003","C32","Larynx","Male",NA,"2017-2021",0,0,0,0,0,0,3,8,9,30,82,130,152,201,172,160,62,40,13,1062,0,0,0,0,0,0,0.329228945808916,0.929855209920625,1.13208543974601,3.43003752461052,8.50835998248523,13.6771559932245,18.2018707212132,27.6005635458348,26.1936379917399,36.4880273660205,20.9701040725971,25.5618821213806,19.5491661528745,7.99107407560128,7.51763219949714,8.4865195819028,8.37295741969644,7.87195989667111,NA,8.88919205114779,NA,3.99031562862034,3.74085056499826,NA,4.24771910575777,NA,100,NA
"S92000003","C32","Larynx","Females",NA,"2017-2021",0,0,0,0,1,0,2,6,9,16,25,35,53,58,45,33,16,9,7,315,0,0,0,0,0.1170479112215,0,0.21459618898628,0.670493695683026,1.09235099422146,1.71230860938067,2.42254634815673,3.46901132186181,5.96762171133375,7.41181852801284,6.17549098584166,6.1187709058006,3.89038830938313,3.47442054386263,4.67037182831713,2.25285275526038,2.01090859465279,2.51588834497992,2.17460877961987,1.94050552110934,NA,2.42185136634467,NA,1.17540933946688,1.03905482326018,NA,1.32004850210513,NA,100,NA
"S92000003","C00-C14","Lip, oral cavity and pharynx","All","d","2017-2021",0,2,3,7,11,13,27,56,107,243,490,707,805,773,618,474,332,168,85,4921,0,0.133870063039413,0.204749086819073,0.492156432625191,0.636418652389289,0.686100914889181,1.46484136581809,3.19049778602243,6.60940982294194,13.4325610808402,24.552419415452,36.0820506853293,46.7152776367292,51.1656230556401,44.6101484478484,48.4749811827077,46.9636979102569,40.4313641494131,39.2827433219336,18.0440816805453,17.5434177461844,18.5554094346447,18.3318071957866,17.8186457932181,NA,18.8521519453242,NA,9.73055653992039,9.44036465966211,NA,10.0250801848213,NA,100,NA
"S92000003","C00-C14","Lip, oral cavity and pharynx","Male",NA,"2017-2021",0,0,2,4,4,8,16,28,78,172,343,516,554,542,438,317,205,91,33,3351,0,0,0.267239985515593,0.550093584671092,0.457628728101035,0.844261239755418,1.75588771098088,3.25449323472219,9.81140714446542,19.6655484744336,35.5898472438102,54.2877884038759,66.3410288128429,74.4254002081714,66.7024037231515,72.2919042189282,69.3366344335873,58.1532818261409,49.624806388066,25.2147732837475,24.3682014221317,26.0832505710892,25.9510146659647,25.072017209912,NA,26.8449448646526,NA,13.7660581078209,13.2761605316647,NA,14.2647075878383,NA,100,NA
"S92000003","C00-C14","Lip, oral cavity and pharynx","Females",NA,"2017-2021",0,2,1,3,7,5,11,28,29,71,147,191,251,231,180,157,127,77,52,1570,0,0.274407519863674,0.139505619983901,0.431553463000764,0.819335378550502,0.52787663734136,1.18027903942454,3.12897057985412,3.51979764804694,7.59836945412672,14.2445725271616,18.9308903564459,28.2617556517881,29.5194841374304,24.7019639433666,29.1105161275968,30.8799572057286,29.7255979863803,34.6941907246416,11.2285042087581,10.6798906069872,11.7979938819965,10.7125997256085,10.1877949244693,NA,11.2503994568794,NA,5.69505497201984,5.3869140856804,NA,6.01164527574349,NA,100,NA
"S92000003","C03-C06","Mouth (IARC definition)","All","d","2017-2021",0,1,0,2,1,2,1,6,16,31,90,122,191,190,188,132,96,46,27,1142,0,0.0669350315197063,0,0.140616123607197,0.057856241126299,0.105553986906028,0.0542533839191885,0.341839048502403,0.988322964178234,1.71361890331707,4.50962805589934,6.22632274909501,11.0839975510749,12.5762850977641,13.5707247705429,13.499361848349,13.5798644559779,11.0704925647203,12.4780478787319,4.18742964421515,3.94805737995623,4.43752048770465,4.20874055009917,3.96616952241445,NA,4.45840961920391,NA,2.06632256363445,1.93858270513655,NA,2.19808050252561,NA,100,NA
"S92000003","C03-C06","Mouth (IARC definition)","Male",NA,"2017-2021",0,0,0,2,0,1,0,3,9,17,53,79,114,116,119,86,48,16,5,668,0,0,0,0.275046792335546,0,0.105532654969427,0,0.348695703720234,1.13208543974601,1.94368793061263,5.49930584233801,8.3115024881903,13.6514030409099,15.9286834393872,18.1223425640526,19.612314709236,16.2349192820107,10.2247528485522,7.51891005879788,5.02640064265693,4.6524083614781,5.42245498110802,5.20657630231766,4.81619948963986,NA,5.61194881640256,NA,2.55684058209825,2.35502342828818,NA,2.76683625570744,NA,100,NA
"S92000003","C03-C06","Mouth (IARC definition)","Females",NA,"2017-2021",0,1,0,0,1,1,1,3,7,14,37,43,77,74,69,46,48,30,22,474,0,0.137203759931837,0,0,0.1170479112215,0.105575327468272,0.10729809449314,0.335246847841513,0.849606328838916,1.49827003320809,3.58536859527196,4.26192819543022,8.66994097684338,9.45645812194742,9.46908617829054,8.52919580808568,11.6711649281494,11.5814018128754,14.6783114604253,3.39000700315371,3.09165397391191,3.70937961549672,3.21090479788067,2.92759410440773,NA,3.50711281020264,NA,1.57580454517065,1.42181461663284,NA,1.73759812005222,NA,100,NA
"S92000003","C01-C06","Oral cavity","All","d","2017-2021",0,1,0,3,5,3,7,20,52,110,232,341,455,412,351,269,172,97,44,2574,0,0.0669350315197063,0,0.210924185410796,0.289281205631495,0.158330980359042,0.379773687434319,1.13946349500801,3.21204963357926,6.08058320531863,11.6248189885405,17.4030824380443,26.4042873598904,27.2706813698884,25.3368318854284,27.5100631606506,24.3305904836271,23.3442995386493,20.3345965431186,9.43821707899282,9.07708801257245,9.81002947233828,9.51485285565717,9.14799350328865,NA,9.88882351630396,NA,4.94768847122266,4.74434655909725,NA,5.15523739455162,NA,100,NA
"S92000003","C01-C06","Oral cavity","Male",NA,"2017-2021",0,0,0,2,2,1,3,9,36,76,153,243,293,265,226,173,92,46,10,1630,0,0,0,0.275046792335546,0.228814364050518,0.105532654969427,0.329228945808916,1.0460871111607,4.52834175898404,8.68942839567998,15.8753546014663,25.5657608181043,35.0865007981281,36.3888026848071,34.4172220124024,39.4526795895097,31.1169286238538,29.3961644395877,15.0378201175958,12.2650195322317,11.6767593785071,12.8752400375917,12.6028939232031,11.9939897913666,NA,13.2266625982594,NA,6.6026359739251,6.26791199868337,NA,6.9459444878384,NA,100,NA
"S92000003","C01-C06","Oral cavity","Females",NA,"2017-2021",0,1,0,1,3,2,4,11,16,34,79,98,162,147,125,96,80,51,34,944,0,0.137203759931837,0,0.143851154333588,0.351143733664501,0.211150654936544,0.42919237797256,1.22923844208555,1.94195732306038,3.63865579493392,7.65524646017528,9.71323170121306,18.24065504219,18.7851262692739,17.1541416273379,17.8000608168745,19.4519415469157,19.6883830818882,22.6846631661118,6.75140635227236,6.32753818809984,7.19620138611405,6.42681178811126,6.0222901057581,NA,6.84429627990779,NA,3.29274096852022,3.06464193736717,NA,3.52891131126072,NA,100,NA
"S92000003","C07-C08","Salivary glands","All","d","2017-2021",0,0,1,1,4,7,12,11,7,15,24,33,20,42,24,29,36,27,15,308,0,0,0.0682496956063576,0.0703080618035987,0.231424964505196,0.369438954171098,0.651040607030262,0.626704922254406,0.432391296827977,0.829170437088904,1.20256748157316,1.68416926819783,1.16062801581936,2.78002091634785,1.732432949431,2.96576889092516,5.09244917099171,6.49789780972711,6.9322488215177,1.12935930859743,1.00674130450647,1.26279303322578,1.18297541081869,1.05189415227961,NA,1.32164226262282,NA,0.603895597452096,0.529863683172885,NA,0.6826980676231,NA,100,NA
"S92000003","C07-C08","Salivary glands","Male",NA,"2017-2021",0,0,0,0,1,4,6,5,5,8,11,14,12,23,16,18,24,17,9,173,0,0,0,0,0.114407182025259,0.422130619877709,0.658457891617831,0.581159506200391,0.62893635541445,0.914676673229472,1.14136536350412,1.47292449157803,1.43698979377999,3.15827344056816,2.43661748760371,4.10490307867731,8.11745964100535,10.8637999015868,13.5340381058362,1.30174747182582,1.1149919774761,1.51083550522503,1.44654707089892,1.23450964869664,NA,1.67514174578485,NA,0.66679924129965,0.560785472947684,NA,0.781855477552032,NA,100,NA
"S92000003","C07-C08","Salivary glands","Females",NA,"2017-2021",0,0,1,1,3,3,6,6,2,7,13,19,8,19,8,11,12,10,6,135,0,0,0.139505619983901,0.143851154333588,0.351143733664501,0.316725982404816,0.643788566958839,0.670493695683026,0.242744665382547,0.749135016604043,1.2597241010415,1.88317757472498,0.900773088503208,2.42800951779731,1.09786506414963,2.03959030193353,2.91779123203735,3.86046727095848,4.00317585284326,0.965508323683018,0.809515804280323,1.14279595250753,0.919403750738458,0.770379235252427,NA,1.08140994651978,NA,0.540991953604542,0.440601867626562,NA,0.65153113248476,NA,100,NA
"S92000003","C73","Thyroid","All","d","2017-2021",1,1,5,22,48,84,116,121,127,147,170,134,119,131,109,82,53,26,14,1510,0.0740781346533069,0.0669350315197063,0.341248478031788,1.54677735967917,2.77709957406235,4.43326745005317,6.29339253462587,6.89375414479846,7.84481352816473,8.12587028347126,8.51818632780987,6.83874793753059,6.90573669412519,8.67101762003733,7.86813297866581,8.38596720882285,7.49721683507113,6.25723492788537,6.47009890008319,5.53679401292896,5.2610170976745,5.8232757586993,5.49302455095075,5.21800073229223,NA,5.77501212409511,NA,4.02403472709093,3.80596103483897,NA,4.24809787306322,NA,100,NA
"S92000003","C73","Thyroid","Male",NA,"2017-2021",0,0,0,7,5,18,26,25,25,33,40,45,48,44,57,32,20,6,1,432,0,0,0,0.962663773174411,0.572035910126294,1.89958778944969,2.85331753034393,2.90579753100195,3.14468177707225,3.77304127707157,4.15041950365133,4.7344001515008,5.74795917511996,6.04191440804344,8.68044979958821,7.29760547320411,6.76454970083779,3.83428231820709,1.50378201175958,3.25060640363442,2.95126602409034,3.57207741124592,3.31739673430367,3.01021273486515,NA,3.63929081345877,NA,2.14915683643111,1.93472656031629,NA,2.37469409386021,NA,100,NA
"S92000003","C73","Thyroid","Females",NA,"2017-2021",1,1,5,15,43,66,90,96,102,114,130,89,71,87,52,50,33,20,13,1078,0.152677350009771,0.137203759931837,0.697528099919505,2.15776731500382,5.03306018252451,6.96797161290595,9.65682850438259,10.7278991309284,12.3799779345099,12.2001988418373,12.597241010415,8.8212002184486,7.99436116046597,11.1177277920193,7.13612291697258,9.27086500878878,8.02392588810271,7.72093454191695,8.67354768116039,7.70976276244662,7.25633863027229,8.18409925144037,7.66865236759784,7.2157855670549,NA,8.13510713473558,NA,5.89891261775075,5.52156662020604,NA,6.2885543513721,NA,100,NA
"S92000003","C01-C02","Tongue","All","d","2017-2021",0,0,0,1,4,1,6,14,36,79,142,219,264,222,163,137,76,51,17,1432,0,0,0,0.0703080618035987,0.231424964505196,0.052776993453014,0.325520303515131,0.797624446505607,2.22372666940103,4.36696430200156,7.11519093264119,11.1767596889492,15.3202898088156,14.6943962721243,11.7661071148856,14.0107013123016,10.7507260276492,12.273806973929,7.85654866438673,5.25078743477767,4.98231940767268,5.52996275861916,5.306112305558,5.03286495582202,NA,5.58648112500442,NA,2.88136590758822,2.72425804005641,NA,3.04281604672586,NA,100,NA
"S92000003","C01-C02","Tongue","Male",NA,"2017-2021",0,0,0,0,2,0,3,6,27,59,100,164,179,149,107,87,44,30,5,962,0,0,0,0,0.228814364050518,0,0.329228945808916,0.697391407440469,3.39625631923803,6.74574046506735,10.3760487591283,17.254258329914,21.4350977572182,20.4601192454198,16.2948794483498,19.8403648802737,14.8820093418431,19.1714115910354,7.51891005879788,7.23861888957479,6.78836579088031,7.71088698259892,7.39631762088542,6.93303911687237,NA,7.87436719940857,NA,4.04579539182686,3.78091804189739,NA,4.31951320389572,NA,100,NA
"S92000003","C01-C02","Tongue","Females",NA,"2017-2021",0,0,0,1,2,1,3,8,9,20,42,55,85,73,56,50,32,21,12,470,0,0,0,0.143851154333588,0.234095822443001,0.105575327468272,0.32189428347942,0.893991594244035,1.09235099422146,2.14038576172584,4.06987786490331,5.45130350578284,9.57071406534658,9.32866814732651,7.6850554490474,9.27086500878878,7.78077661876626,8.1069812690128,8.00635170568651,3.36139934911866,3.06433696839607,3.67948266103386,3.21590699023058,2.93098996171329,NA,3.51385023092447,NA,1.71693642334957,1.5509632447188,NA,1.89122513893584,NA,100,NA
"S92000003","C01, C02.4, C05.1, C05.2, C09, C10","Oropharyngeal cancers","All","d","2017-2021",0,1,0,0,1,0,5,23,49,128,259,392,427,309,222,151,71,31,10,2079,0,0.0669350315197063,0,0,0.057856241126299,0,0.271266919595943,1.31038301925921,3.02673907779584,7.07558772982532,12.9777074053103,20.0058894888955,24.7794081377433,20.4530110274163,16.0250047822368,15.4424518113689,10.043441420567,7.46054933709409,4.62149921434513,7.62317533303266,7.29897686857623,7.95806505848265,7.66396159635151,7.33638930714066,NA,7.99858798981584,NA,4.41476650729487,4.21792029986342,NA,4.6160390445587,NA,100,NA
"S92000003","C01, C02.4, C05.1, C05.2, C09, C10","Oropharyngeal cancers","Male",NA,"2017-2021",0,0,0,0,0,0,5,14,39,96,203,299,313,238,168,109,49,18,3,1554,0,0,0,0,0,0,0.548714909681526,1.62724661736109,4.90570357223271,10.9761200787537,21.0633789810305,31.4574587844165,37.4814837877614,32.6812642980531,25.5844836198389,24.8574686431015,16.5731467670526,11.5028469546213,4.51134603527873,11.6931535908516,11.1189408125113,12.289331101617,11.7323390617959,11.1534801042713,NA,12.3256362470312,NA,6.7648507869248,6.41880959956198,NA,7.11984892230264,NA,100,NA
"S92000003","C01, C02.4, C05.1, C05.2, C09, C10","Oropharyngeal cancers","Females",NA,"2017-2021",0,1,0,0,1,0,0,9,10,32,56,93,114,71,54,42,22,13,7,525,0,0.137203759931837,0,0,0.1170479112215,0,0,1.00574054352454,1.21372332691274,3.42461721876134,5.42650381987108,9.21765865523281,12.8360165111707,9.07308819808468,7.41058918300999,7.78752660738258,5.3492839254018,5.01860745224602,4.67037182831713,3.75475459210063,3.44040016322734,4.0901127836393,3.59558413090716,3.29390098471563,NA,3.91029692559105,NA,2.06468222766494,1.88020287273495,NA,2.25767116699654,NA,100,NA
"S92000003","C81","Hodgkin lymphoma","All","d","2017-2021",0,9,19,74,76,83,68,61,44,60,46,51,58,57,73,48,45,20,5,897,0,0.602415283677357,1.29674421652079,5.2027965734663,4.39707432559873,4.38049045660016,3.68923010650482,3.47536365977443,2.71788815149014,3.31668174835562,2.30492100634855,2.60280705085119,3.36582124587614,3.77288552932922,5.2694835545193,4.90885885394509,6.36556146373964,4.8132576368349,2.31074960717257,3.28907564873992,3.07732803052205,3.51155536603923,3.31236933251143,3.09760698282155,NA,3.53422774623094,NA,2.82508048529014,2.62129444207496,NA,3.03638656954211,NA,100,NA
"S92000003","C81","Hodgkin lymphoma","Male",NA,"2017-2021",0,5,13,39,41,38,36,42,29,39,26,32,39,25,44,30,23,10,3,514,0,0.653472618843798,1.73705990585135,5.36341245054315,4.69069446303561,4.01024088883823,3.95074734970699,4.88173985208328,3.64783086140381,4.45904878199368,2.69777267737337,3.36668455217835,4.67021682978497,3.43290591366104,6.7006980909102,6.84150513112885,7.77923215596346,6.39047053034515,4.51134603527873,3.86761965617614,3.54044571057457,4.21689511041081,3.93537288750904,3.59992928677712,NA,4.28554513214506,NA,3.24665398829202,2.94279729189085,NA,3.56522528629284,NA,100,NA
"S92000003","C81","Hodgkin lymphoma","Females",NA,"2017-2021",0,4,6,35,35,45,32,19,15,21,20,19,19,32,29,18,22,10,2,383,0,0.548815039727349,0.837033719903406,5.03479040167558,4.09667689275251,4.75088973607224,3.43353902378048,2.12323003632958,1.82058499036911,2.24740504981213,1.93803707852539,1.88317757472498,2.13933608519512,4.08927918786915,3.9797608575424,3.33751140316396,5.3492839254018,3.86046727095848,1.33439195094775,2.73918287385627,2.47169062291967,3.02773038625897,2.68936577751381,2.42572780038756,NA,2.9664081117294,NA,2.40350698228825,2.1366467810894,NA,2.68584328482231,NA,100,NA
"S92000003","C64-C65","Kidney","All","d","2017-2021",19,11,1,3,2,13,35,64,125,272,368,542,712,760,853,680,590,360,159,5569,1.40748455841283,0.73628534671677,0.0682496956063576,0.210924185410796,0.115712482252598,0.686100914889181,1.8988684371716,3.64628318402563,7.72127315764245,15.0356239258788,18.4393680507884,27.6612043443401,41.3183573631692,50.3051403910563,61.5735544110269,69.5421670975554,83.4595836356975,86.6386374630282,73.4818375080876,20.4201363298023,19.8873049610807,20.9636284580541,21.0472533105466,20.490359772985,NA,21.6115095423543,NA,10.1555584039004,9.85789295550843,NA,10.4575897392286,NA,100,NA
"S92000003","C64-C65","Kidney","Male",NA,"2017-2021",11,4,0,3,1,5,12,38,89,180,249,375,455,499,559,409,328,180,83,3480,1.58284768688395,0.522778095075038,0,0.412570188503319,0.114407182025259,0.527663274847136,1.31691578323566,4.41681224712297,11.1950671263772,20.5802251476631,25.8363614102295,39.45333459584,54.4858630141579,68.5208020366744,85.1293234731546,93.27251995439,110.93861509374,115.028469546213,124.813906976045,26.1854404737217,25.3225909635369,27.0701930380348,27.9333640121878,27.0000569547663,NA,28.8823076954152,NA,13.466006184678,12.9800576577295,NA,13.9607602033951,NA,100,NA
"S92000003","C64-C65","Kidney","Females",NA,"2017-2021",8,7,1,0,1,8,23,26,36,92,119,167,257,261,294,271,262,180,76,2089,1.22141880007817,0.96042631952286,0.139505619983901,0,0.1170479112215,0.844602619746176,2.46785617334222,2.90547268129311,4.36940397688585,9.84577450393884,11.531320617226,16.5521397357406,28.9373354681656,33.3531833760578,40.3465411074988,50.2480883476352,63.7051085661488,69.4884108772526,50.7068941360146,14.9403473198061,14.3064703117586,15.5950770205402,14.1611426089054,13.5583253650922,NA,14.7768873773196,NA,6.84511062312284,6.50418239272086,NA,7.19462518541493,NA,100,NA
"S92000003","C91-C95","Leukaemias","All","d","2017-2021",100,63,33,31,41,28,45,62,77,122,181,246,331,389,508,509,423,276,128,3593,7.40781346533069,4.2169069857415,2.2522399550098,2.17954991591156,2.37210588617826,1.47775581668439,2.44140227636348,3.53233683452483,4.75630426510775,6.74391955498975,9.06936309019757,12.5547163629293,19.2083936618104,25.748288963317,36.6698307629563,52.054357430376,59.8362777591526,66.4229553883216,59.1551899436177,13.1746363499694,12.7473372070296,13.6126079976763,13.6662096383488,13.2163202067634,NA,14.1235236308407,NA,7.53579547460742,7.22239728788081,NA,7.85575649567753,NA,100,NA
"S92000003","C91-C95","Leukaemias","Male",NA,"2017-2021",43,34,15,15,23,18,26,31,37,68,105,153,196,256,320,306,239,141,58,2084,6.18749550327362,4.44361380813783,2.00429989136695,2.0628509425166,2.63136518658095,1.89958778944969,2.85331753034393,3.60318893844242,4.65412903006693,7.77475172245051,10.8948511970847,16.0969605151027,23.4708332984065,35.1529565558891,48.7323497520742,69.7833523375143,80.8363689250116,90.1056344778666,87.2193566820554,15.681166076792,15.0150691731602,16.3692023595801,16.9802780408503,16.2480164843806,NA,17.7284526975736,NA,8.75343361864664,8.30029307717505,NA,9.21844784802259,NA,100,NA
"S92000003","C91-C95","Leukaemias","Females",NA,"2017-2021",57,29,18,16,18,10,19,31,40,54,76,93,135,133,188,203,184,135,70,1509,8.70260895055697,3.97890903802328,2.51110115971022,2.30161846933741,2.10686240198701,1.05575327468272,2.03866379536966,3.46421742769564,4.85489330765095,5.77904155665976,7.36454089839647,9.21765865523281,15.2005458684916,16.9960666245812,25.7998290075163,37.6397119356824,44.739465557906,52.1163081579394,46.7037182831713,10.7922374847235,10.2545213582557,11.350833196251,10.3521412358473,9.83423420477342,NA,10.8831515174202,NA,6.3181573305682,5.88928846337574,NA,6.76188527077134,NA,100,NA
"S92000003","C91.0","Acute lymphoblastic leukaemia","All","d","2017-2021",88,55,23,15,15,5,8,8,5,5,15,11,9,15,18,9,4,2,2,312,6.51887584949101,3.68142673358385,1.56974299894622,1.05462092705398,0.867843616894485,0.26388496726507,0.434027071353508,0.455785398003204,0.308850926305698,0.276390145696301,0.751604675983224,0.561389756065944,0.522282607118712,0.992864612981374,1.29932471207325,0.920411035114704,0.565827685665746,0.48132576368349,0.924299842869027,1.14402631260519,1.0205917298283,1.27827532202107,1.15187032563069,1.02713523507987,NA,1.28365012754927,NA,1.71927109936307,1.51182998428231,NA,1.93985449615875,NA,100,NA
"S92000003","C91.0","Acute lymphoblastic leukaemia","Male",NA,"2017-2021",42,30,11,8,12,3,3,5,2,3,8,5,6,9,11,4,2,0,1,165,6.04360025901144,3.92083571306279,1.46981992033576,1.10018716934218,1.37288618430311,0.316597964908282,0.329228945808916,0.581159506200391,0.25157454216578,0.343003752461052,0.830083900730266,0.526044461277867,0.718494896889995,1.23584612891798,1.67517452272755,0.912200684150513,0.676454970083779,0,1.50378201175958,1.2415510569437,1.05933588464245,1.44611187301092,1.21982288539964,1.03990998921949,NA,1.41387896173479,NA,1.75068423603288,1.46584361702621,NA,2.06044042062938,NA,100,NA
"S92000003","C91.0","Acute lymphoblastic leukaemia","Females",NA,"2017-2021",46,25,12,7,3,2,5,3,3,2,7,6,3,6,7,5,2,2,1,147,7.02315810044948,3.43009399829593,1.67406743980681,1.00695808033512,0.351143733664501,0.211150654936544,0.536490472465699,0.335246847841513,0.364116998073821,0.214038576172584,0.678312977483885,0.59468765517631,0.337789908188703,0.766739847725466,0.960631931130924,0.927086500878878,0.486298538672891,0.772093454191695,0.667195975473876,1.05133128578818,0.888250149373841,1.23568306118454,1.08391776586174,0.91543082551468,NA,1.26642671621647,NA,1.68785796269326,1.39398821099681,NA,2.00941647155817,NA,100,NA
"S92000003","C92.0","Acute myeloid leukaemia","All","d","2017-2021",6,4,8,9,10,5,12,19,25,31,45,53,74,83,117,113,101,79,37,831,0.444468807919842,0.267740126078825,0.545997564850861,0.632772556232388,0.57856241126299,0.26388496726507,0.651040607030262,1.08249032025761,1.54425463152849,1.71361890331707,2.25481402794967,2.70487791559046,4.29432365853163,5.49385085849693,8.44561062847614,11.5562718853291,14.2871490630601,19.0123676654978,17.099547093077,3.0470700826119,2.84339311835669,3.26148377257425,3.14649754215982,2.93276756599519,NA,3.36763797118302,NA,1.57467956707365,1.44677444823464,NA,1.70792505413411,NA,100,NA
"S92000003","C92.0","Acute myeloid leukaemia","Male",NA,"2017-2021",1,2,4,4,5,4,9,7,10,19,22,33,37,52,65,71,48,36,14,443,0.143895244262177,0.261389047537519,0.534479971031186,0.550093584671092,0.572035910126294,0.422130619877709,0.987686837426747,0.813623308680547,1.2578727108289,2.17235709892,2.28273072700823,3.47189344443392,4.43071853082164,7.14044430041497,9.89875854339007,16.1915621436716,16.2349192820107,23.0056939092425,21.0529481646341,3.33337647409733,3.03015731907586,3.65872188860333,3.65026211831685,3.31290613115028,NA,4.00374037646293,NA,1.73208008001245,1.55112770466562,NA,1.92287155715868,NA,100,NA
"S92000003","C92.0","Acute myeloid leukaemia","Females",NA,"2017-2021",5,2,4,5,5,1,3,12,15,12,23,20,37,31,52,42,53,43,23,388,0.763386750048857,0.274407519863674,0.558022479935604,0.71925577166794,0.585239556107501,0.105575327468272,0.32189428347942,1.34098739136605,1.82058499036911,1.2842314570355,2.22874264030419,1.98229218392103,4.16607553432734,3.96148921324824,7.13612291697258,7.78752660738258,12.8869112748316,16.6000092651215,15.3455074358991,2.77494244140008,2.50566495654141,3.06527290837583,2.64273296600279,2.38512216194435,NA,2.91336422475922,NA,1.41727905413484,1.23975052785589,NA,1.60651367453016,NA,100,NA
"S92000003","C91.1","Chronic lymphocytic leukaemia","All","d","2017-2021",1,1,0,0,0,0,0,2,13,25,53,96,128,163,199,212,150,93,30,1166,0.0740781346533069,0.0669350315197063,0,0,0,0,0,0.113946349500801,0.803012408394815,1.38195072848151,2.65566985514073,4.8994015074846,7.4280193012439,10.7891287943976,14.3647565390321,21.6807932715908,21.2185382124655,22.3816480112823,13.8644976430354,4.2754316682617,4.03352050190633,4.52806032328864,4.45894494802132,4.20331654381282,NA,4.72201261607534,NA,1.85826405271981,1.74238112562155,NA,1.97782503782513,NA,100,NA
"S92000003","C91.1","Chronic lymphocytic leukaemia","Male",NA,"2017-2021",0,0,0,0,0,0,0,1,6,17,38,71,86,114,140,135,91,50,14,763,0,0,0,0,0,0,0,0.116231901240078,0.75472362649734,1.94368793061263,3.94289852846876,7.46983135014571,10.2984268554233,15.6540509662944,21.3204030165324,30.7867730900798,30.7787011388119,31.9523526517257,21.0529481646341,5.74123306938209,5.34103429480963,6.16347575298487,6.19421876563071,5.75733945230369,NA,6.64684775934694,NA,2.57805402962274,2.38612224560521,NA,2.77730457503702,NA,100,NA
"S92000003","C91.1","Chronic lymphocytic leukaemia","Females",NA,"2017-2021",1,1,0,0,0,0,0,1,7,8,15,25,42,49,59,77,59,43,16,403,0.152677350009771,0.137203759931837,0,0,0,0,0,0.111748949280504,0.849606328838916,0.856154304690334,1.45352780889404,2.47786522990129,4.72905871464184,6.26170875642464,8.09675484810351,14.2771321135347,14.3458068908503,16.6000092651215,10.675135607582,2.88222114403153,2.60765591728275,3.17783276984044,2.72367113041192,2.46327930441106,NA,2.99695772515514,NA,1.13847407581688,1.01116809073051,NA,1.27321892895896,NA,100,NA
"S92000003","C92.1-C92.2","Chronic myeloid leukaemia","All","d","2017-2021",1,1,2,2,11,11,10,19,17,28,30,45,44,31,32,34,28,10,8,364,0.0740781346533069,0.0669350315197063,0.136499391212715,0.140616123607197,0.636418652389289,0.580546927983154,0.542533839191885,1.08249032025761,1.05009314943937,1.54778481589929,1.50320935196645,2.29659445663341,2.55338163480259,2.05192020016151,2.30991059924134,3.47710835487777,3.96079379966022,2.40662881841745,3.69719937147611,1.33469736470605,1.20108918781524,1.47910512787987,1.35827263141883,1.22093825249865,NA,1.50282094826548,NA,0.843638217783034,0.748966575916194,NA,0.943862584459336,NA,100,NA
"S92000003","C92.1-C92.2","Chronic myeloid leukaemia","Male",NA,"2017-2021",0,1,0,0,5,8,5,12,10,14,17,21,22,18,17,20,19,6,3,198,0,0.13069452376876,0,0,0.572035910126294,0.844261239755418,0.548714909681526,1.39478281488094,1.2578727108289,1.60068417815158,1.76392828905182,2.20938673736704,2.63448128859665,2.47169225783595,2.58890608057894,4.56100342075257,6.4263222157959,3.83428231820709,4.51134603527873,1.48986126833244,1.28955678661335,1.71246254516852,1.56183453723888,1.34949977899949,NA,1.78945599154099,NA,0.920299172461334,0.784518010873867,NA,1.06675818197581,NA,100,NA
"S92000003","C92.1-C92.2","Chronic myeloid leukaemia","Females",NA,"2017-2021",1,0,2,2,6,3,5,7,7,14,13,24,22,13,15,14,9,4,5,166,0.152677350009771,0,0.279011239967802,0.287702308667176,0.702287467329002,0.316725982404816,0.536490472465699,0.782242644963531,0.849606328838916,1.49827003320809,1.2597241010415,2.37875062070524,2.47712599338382,1.66126967007184,2.05849699528055,2.59584220246086,2.18834342402801,1.54418690838339,3.33597987736938,1.18721764245467,1.01348123553406,1.38219146431062,1.15471072559878,0.985188017739636,NA,1.33749311351913,NA,0.766977263104734,0.638447872828318,NA,0.907118936539316,NA,100,NA
"S92000003","C22","Liver and intrahepatic bile ducts","All","d","2017-2021",6,1,1,2,1,6,4,13,16,65,124,245,326,452,571,536,452,259,123,3203,0.444468807919842,0.0669350315197063,0.0682496956063576,0.140616123607197,0.057856241126299,0.316661960718084,0.217013535676754,0.740651271755207,0.988322964178234,3.59307189405192,6.21326532146132,12.5036809305597,18.9182366578556,29.9183203378387,41.2174672552126,54.8155905357201,63.9385284802293,62.3316863970119,56.8444403364451,11.7446034592129,11.3413558353825,12.1585271151999,12.2925190524008,11.8644205853427,NA,12.7280987670213,NA,5.04131043924671,4.8483878322522,NA,5.23794428570024,NA,100,NA
"S92000003","C22","Liver and intrahepatic bile ducts","Male",NA,"2017-2021",4,1,1,1,1,3,2,9,7,48,93,180,243,323,405,370,287,140,46,2164,0.575580977048709,0.13069452376876,0.133619992757796,0.137523396167773,0.114407182025259,0.316597964908282,0.21948596387261,1.0460871111607,0.88051089758023,5.48806003937683,9.64972534598935,18.9376006060032,29.0990433240448,44.3531444045007,61.6768801549689,84.3785632839225,97.0712882070223,89.4665874248321,69.1739725409405,16.2831302256132,15.6042321907246,16.9839646446653,17.6213307302491,16.8773000423462,NA,18.3811851869112,NA,7.31337118462249,6.98154455232315,NA,7.65279369717234,NA,100,NA
"S92000003","C22","Liver and intrahepatic bile ducts","Females",NA,"2017-2021",2,0,0,1,0,3,2,4,9,17,31,65,83,129,166,166,165,119,77,1039,0.305354700019543,0,0,0.143851154333588,0,0.316725982404816,0.21459618898628,0.446995797122018,1.09235099422146,1.81932789746696,3.00395747171435,6.44244959774336,9.34552079322078,16.4849067260975,22.7807000811048,30.7792718291788,40.1196294405135,45.9395605244059,51.3740901114884,7.43083813560486,6.98581659117154,7.89677597057729,6.96370737455259,6.54526112145525,NA,7.39493581419178,NA,2.76924969387093,2.57499237521069,NA,2.97047084298504,NA,100,NA
"S92000003","C33-C34","Trachea, bronchus and lung","All","d","2017-2021",1,0,1,0,4,11,21,50,134,365,848,1660,2708,4097,5256,4967,3779,2045,868,26815,0.0740781346533069,0,0.0682496956063576,0,0.231424964505196,0.580546927983154,1.13932106230296,2.84865873752003,8.27720482499271,20.17648063583,42.4907176822516,84.7188177335879,157.149033341941,271.184421292313,379.40281592539,507.964623490526,534.565706032713,492.155593366368,401.146131805158,98.3239281170134,97.1505622505045,99.5079286074907,100.536402395925,99.3186215526645,NA,101.761501015417,NA,39.885061917041,39.3652397341775,NA,40.4082466709245,NA,100,NA
"S92000003","C33-C34","Trachea, bronchus and lung","Male",NA,"2017-2021",0,0,0,0,2,4,14,26,71,191,408,776,1343,1948,2595,2464,1828,945,381,12996,0,0,0,0,0.228814364050518,0.422130619877709,1.53640174710827,3.02202943224203,8.93089624688519,21.8379055733536,42.3342789372436,81.642100390325,160.823107753877,267.492028792468,395.188898770726,561.915621436716,618.279842656574,603.899465117617,572.940946480398,97.7890759760021,96.1149592144955,99.4850356960966,107.616832404056,105.747178464808,NA,109.502642892466,NA,41.5994602886296,40.8369616888752,NA,42.3689141176503,NA,100,NA
"S92000003","C33-C34","Trachea, bronchus and lung","Females",NA,"2017-2021",1,0,1,0,2,7,7,24,63,174,440,884,1365,2149,2661,2503,1951,1100,487,13819,0.152677350009771,0,0.139505619983901,0,0.234095822443001,0.739027292277904,0.751086661451979,2.68197478273211,7.64645695955024,18.6213561270148,42.6368157275585,87.6173145293097,153.69440822586,274.620655460338,365.17736696277,464.099502339966,474.384224475405,424.651399805432,324.924440055778,98.8322927775972,97.191261396612,100.494083534102,93.455972387794,91.8998069776938,NA,95.0250218583544,NA,38.1706635454524,37.4659914559577,NA,38.8818099764967,NA,100,NA
"S92000003","C45","Mesothelioma","All","d","2017-2021",0,0,0,0,0,0,3,0,3,2,12,23,44,125,217,217,182,106,33,967,0,0,0,0,0,0,0.162760151757566,0,0.185310555783419,0.110556058278521,0.601283740786579,1.17381494450152,2.55338163480259,8.27387177484478,15.6640812511053,22.1921327355434,25.7451596977914,25.510265475225,15.2509474073389,3.5457482188757,3.32575910526554,3.77646505005267,4.02304825485282,3.76919695257287,NA,4.28505503988365,NA,1.32850008894327,1.24061590013998,NA,1.41934916839195,NA,100,NA
"S92000003","C45","Mesothelioma","Male",NA,"2017-2021",0,0,0,0,0,0,1,0,2,2,6,16,36,100,191,182,158,96,32,822,0,0,0,0,0,0,0.109742981936305,0,0.25157454216578,0.228669168307368,0.6225629255477,1.68334227608917,4.31096938133997,13.7316236546442,29.0871212582693,41.5051311288483,53.4399426366185,61.3485170913134,48.1210243763064,6.18518162913771,5.76952415023563,6.6228733606038,7.05964234429457,6.57796180987253,NA,7.55810114285946,NA,2.26926065651781,2.10784604022124,NA,2.43654586886735,NA,100,NA
"S92000003","C45","Mesothelioma","Females",NA,"2017-2021",0,0,0,0,0,0,2,0,1,0,6,7,8,25,26,35,24,10,1,145,0,0,0,0,0,0,0.21459618898628,0,0.121372332691274,0,0.581411123557616,0.693802264372362,0.900773088503208,3.19474936552278,3.56806145848629,6.48960550615215,5.8355824640747,3.86046727095848,0.667195975473876,1.03702745877065,0.875107073487006,1.22022235161911,0.986454165411063,0.831977987901716,NA,1.15389037122388,NA,0.387739521368727,0.32067993748611,NA,0.461071445140547,NA,100,NA
"S92000003","C60","Penis","Male",NA,"2017-2021",0,0,0,0,1,0,4,7,6,18,18,48,43,55,60,46,34,25,8,373,0,0,0,0,0.114407182025259,0,0.438971927745221,0.813623308680547,0.75472362649734,2.05802251476631,1.8676887766431,5.05002682826753,5.14921342771163,7.55239301005429,9.13731557851391,10.4903078677309,11.4997344914242,15.9761763258629,12.0302560940766,2.80665784387879,2.52902202581065,3.10645091143625,2.99648450888839,2.6961714789352,NA,3.31242651427944,NA,1.40014396354354,1.25123300217052,NA,1.55730618160064,NA,100,NA
"S92000003","C61","Prostate","Male",NA,"2017-2021",0,0,0,0,0,0,1,1,17,97,518,1427,2536,3965,4446,3426,1878,946,406,19664,0,0,0,0,0,0,0.109742981936305,0.116231901240078,2.13838360840913,11.0904546629073,53.7479325722847,150.133089248703,303.683843085504,544.458877906641,677.075084367881,781.299885974914,635.191216908668,604.538512170651,610.535496774388,147.962787780248,145.901856602442,150.045549845312,158.787525887537,156.5481157484,NA,161.042619691917,NA,65.5432205205819,64.5834518336876,NA,66.5099703373777,NA,100,NA
"S92000003","C62","Testis","Male",NA,"2017-2021",6,0,2,23,73,128,183,159,111,87,82,57,34,22,13,7,4,0,1,992,0.863371465573063,0,0.267239985515593,3.16303811185878,8.35172428784389,13.5081798360867,20.0829656943438,18.4808722971724,13.9623870902008,9.94710882137051,8.50835998248523,5.99690685856769,4.07147108237664,3.02095720402172,1.97975170867801,1.5963511972634,1.35290994016756,0,1.50378201175958,7.46435544538274,7.00702413582926,7.94369816074776,7.42367391850537,6.96635762139691,NA,7.895322787893,NA,6.89286923092377,6.45533441487852,NA,7.34454763319706,NA,100,NA
"S92000003","C90","Multiple myeloma and malignant plasma cell neoplasms","All","d","2017-2021",0,1,0,0,0,1,6,17,24,44,100,184,214,287,449,408,358,205,89,2387,0,0.0669350315197063,0,0,0,0.052776993453014,0.325520303515131,0.968543970756809,1.48248444626735,2.43223328212745,5.01069783988816,9.39051955601215,12.4187197692672,18.9968095950436,32.410933095605,41.7253002585332,50.6415778670842,49.3358907775577,41.1313430076717,8.75253464163009,8.40490029288544,9.11085502356755,9.06491541546191,8.69863272709003,NA,9.43864596025041,NA,3.63073707507138,3.47143691735225,NA,3.79356076827467,NA,100,NA
"S92000003","C90","Multiple myeloma and malignant plasma cell neoplasms","Male",NA,"2017-2021",0,0,0,0,0,0,2,12,12,24,73,111,146,169,275,217,177,99,47,1364,0,0,0,0,0,0,0.21948596387261,1.39478281488094,1.50944725299468,2.74403001968842,7.57451559416368,11.6781870403687,17.4833758243232,23.2064439763487,41.8793630681887,49.4868871151653,59.8662648524144,63.265658250417,70.6777545527,10.2634887374013,9.72597720720014,10.8229775075017,11.2501626897649,10.651123064382,NA,11.8653600344232,NA,4.55261451888651,4.29662352041625,NA,4.81590836772724,NA,100,NA
"S92000003","C90","Multiple myeloma and malignant plasma cell neoplasms","Females",NA,"2017-2021",0,1,0,0,0,1,4,5,12,20,27,73,68,118,174,191,181,106,42,1023,0,0.137203759931837,0,0,0,0.105575327468272,0.42919237797256,0.558744746402522,1.45646799229528,2.14038576172584,2.61635005600927,7.23536647131177,7.65657125227727,15.0792170052675,23.8785651452544,35.4147043335731,44.0100177498967,40.9209530721599,28.0222309699028,7.31640751946465,6.87487874747148,7.77885426032473,6.87966814115897,6.46301328018827,NA,7.30915394685704,NA,2.70885963125625,2.52153553184368,NA,2.90280026013152,NA,100,NA
"S92000003","C82-C86","Non-Hodgkin lymphoma","All","d","2017-2021",6,14,13,18,29,47,63,69,118,186,315,444,573,636,866,758,655,317,116,5243,0.444468807919842,0.937090441275889,0.887246042882649,1.26554511246478,1.67783099266267,2.48051869229166,3.41796318690888,3.93114905777764,7.28888186081448,10.2817134199024,15.7836981956477,22.6597319721163,33.2519926532247,42.0974595904103,62.5119555919687,77.5190627352162,92.6542835277659,76.2901335438331,53.6093908864036,19.2247755031699,18.707878524326,19.7523347102512,19.5717861965543,19.0395472884174,NA,20.1112599915096,NA,9.37730732681094,9.0899599186465,NA,9.66906382078812,NA,100,NA
"S92000003","C82-C86","Non-Hodgkin lymphoma","Male",NA,"2017-2021",5,7,10,13,16,20,34,43,65,112,185,249,334,357,460,427,329,151,42,2859,0.719476221310886,0.914861666381317,1.33619992757796,1.78780415018105,1.83051491240414,2.11065309938854,3.73126138583438,4.99797175332336,8.17617262038785,12.8054734252126,19.1956902043874,26.1970141716378,39.9962159268764,49.0218964470797,70.0527527686066,97.3774230330673,111.276842578782,96.4961050082118,63.1588444939022,21.5126937684972,20.7312827548368,22.3160206792833,22.956853883655,22.114025135241,NA,23.8152248270232,NA,10.9990843365372,10.5527027555424,NA,11.4545831500083,NA,100,NA
"S92000003","C82-C86","Non-Hodgkin lymphoma","Females",NA,"2017-2021",1,7,3,5,13,27,29,26,53,74,130,195,239,279,406,331,326,166,74,2384,0.152677350009771,0.96042631952286,0.418516859951703,0.71925577166794,1.5216228458795,2.85053384164334,3.11164474030106,2.90547268129311,6.43273363263751,7.91942731838559,12.597241010415,19.3273487932301,26.9105960190333,35.6534029192342,55.7166520055936,61.3731263581817,79.2666618036813,64.0837566979107,49.3725021850668,17.0501618048912,16.3725395161986,17.7486270452911,16.1867185094536,15.5412643727714,NA,16.8451210614783,NA,7.75553031708468,7.39640901139009,NA,8.12304528583227,NA,100,NA
"S92000003","C15","Oesophagus","All","d","2017-2021",0,0,0,0,1,3,4,16,33,73,165,370,514,708,799,698,589,344,209,4526,0,0,0,0,0.057856241126299,0.158330980359042,0.217013535676754,0.911570796006408,2.03841611361761,4.035296127166,8.26765143581547,18.8831099767636,29.8281400065575,46.8632097327208,57.6755802748072,71.3829891677848,83.3181267142811,82.7880313535602,96.5893335798133,16.5957150347791,16.1157081170877,17.0863879516223,17.3557075536169,16.8450904211507,NA,17.8738424017155,NA,7.13068708227997,6.90578144595454,NA,7.35914642062329,NA,100,NA
"S92000003","C15","Oesophagus","Male",NA,"2017-2021",0,0,0,0,1,3,3,11,27,56,127,279,395,516,587,461,339,166,97,3068,0,0,0,0,0.114407182025259,0.316597964908282,0.329228945808916,1.27855091364086,3.39625631923803,6.4027367126063,13.177581924093,29.353280939305,47.300914045258,70.8551780579639,89.3934040764611,105.131128848347,114.659117429201,106.081810803729,145.866855140679,23.0853251072926,22.2755986894931,23.9169626672285,24.979460905072,24.0890296258196,NA,25.8858262980056,NA,10.5717976801952,10.1764911717674,NA,10.974531320889,NA,100,NA
"S92000003","C15","Oesophagus","Females",NA,"2017-2021",0,0,0,0,0,0,1,5,6,17,38,91,119,192,212,237,250,178,112,1458,0,0,0,0,0,0,0.10729809449314,0.558744746402522,0.728233996147642,1.81932789746696,3.68227044919823,9.0194294368407,13.3989996914852,24.5356751272149,29.0934241999651,43.9439001416588,60.7873173341114,68.7163174230609,74.7259492530741,10.4274898957766,9.89905505071534,10.9768074307466,9.73195420216176,9.23714415910944,NA,10.2394923869043,NA,3.68957648436476,3.4774633107345,NA,3.90788048839196,NA,100,NA
"S92000003","C25","Pancreas","All","d","2017-2021",0,0,2,2,3,1,8,14,41,66,177,304,447,589,760,716,649,419,182,4380,0,0,0.136499391212715,0.140616123607197,0.173568723378897,0.052776993453014,0.434027071353508,0.797624446505607,2.53257759570673,3.64834992319118,8.86893517660205,15.5147714403679,25.9400361535627,38.9864838030686,54.8603767319818,73.2238112380142,91.8055419992672,100.837747491691,84.1112857010814,16.0603693884959,15.5882247609886,16.5431808942903,16.3976457096671,15.9078789861744,NA,16.8947344861756,NA,6.57865721082134,6.36456481132028,NA,6.79624180102781,NA,100,NA
"S92000003","C25","Pancreas","Male",NA,"2017-2021",0,0,1,1,2,0,2,10,25,28,104,160,231,338,414,356,304,180,67,2223,0,0,0.133619992757796,0.137523396167773,0.228814364050518,0,0.21948596387261,1.16231901240078,3.14468177707225,3.20136835630315,10.7910907094935,16.8334227608918,27.6620535302648,46.4128879526973,63.047477491746,81.1858608893957,102.821155452734,115.028469546213,100.753394787892,16.7270787853688,16.0388908979323,17.4372009523115,18.3337732419803,17.5679174956962,NA,19.1157394850411,NA,7.35890988748844,7.03312217709857,NA,7.69197010847476,NA,100,NA
"S92000003","C25","Pancreas","Females",NA,"2017-2021",0,0,1,1,1,1,6,4,16,38,73,144,216,251,346,360,345,239,115,2157,0,0,0.139505619983901,0.143851154333588,0.1170479112215,0.105575327468272,0.643788566958839,0.446995797122018,1.94195732306038,4.06673294727909,7.07383533661766,14.2725037242314,24.3208733895866,32.0752836298487,47.4826640244714,66.7502280632792,83.8864979210737,92.2651677759076,76.7275371794957,15.426677438402,14.7824560179616,16.0917491302998,14.4615181773538,13.8556144192322,NA,15.0802065244259,NA,5.79840453415424,5.52275870497357,NA,6.08066875740685,NA,100,NA
"S92000003","C43","Malignant melanoma of the skin","All","d","2017-2021",0,4,1,13,68,124,185,264,280,398,525,632,690,736,906,815,629,414,185,6869,0,0.267740126078825,0.0682496956063576,0.914004803446782,3.93422439658833,6.54434718817373,10.0368760250499,15.0409181341057,17.2956518731191,22.0006555974256,26.3061636594128,32.254393257607,40.0416665457679,48.7165570102861,65.3993438410204,83.3483326242759,88.9764035709385,99.6344330824824,85.497735465385,25.1869126323239,24.5947635824512,25.7897176638106,25.8951856610079,25.2783801510353,NA,26.5193225825679,NA,13.6576718664179,13.2993294575615,NA,14.0207117504323,NA,100,NA
"S92000003","C43","Malignant melanoma of the skin","Male",NA,"2017-2021",0,0,0,5,14,33,59,90,88,154,228,319,342,395,529,495,368,245,85,3449,0,0,0,0.687616980838865,1.60170054835362,3.4825776139911,6.47483593424201,10.460871111607,11.0692798552943,17.6075259596673,23.6573911708126,33.5616366295279,40.9542091227297,54.2399134358445,80.5606656838976,112.884834663626,124.467714495415,156.566527993456,127.821470999564,25.9521793660535,25.0932136131558,26.8330487308532,28.0631810565066,27.1211017521042,NA,29.0211198791332,NA,13.0984496198342,12.6226496668005,NA,13.5829290479587,NA,100,NA
"S92000003","C43","Malignant melanoma of the skin","Females",NA,"2017-2021",0,4,1,8,54,91,126,174,192,244,297,313,348,341,377,320,261,169,100,3420,0,0.548815039727349,0.139505619983901,1.1508092346687,6.32058720596102,9.60735479961275,13.5195599061356,19.4443171748078,23.3034878767245,26.1127062930552,28.779850616102,31.0228726783642,39.1836293498895,43.5763813457307,51.7368911480512,59.3335360562482,63.4619592968123,65.2418968791983,66.7195975473876,24.4595441999698,23.6465853192977,25.2933224625082,23.7271902655093,22.9354522931561,NA,24.5321753995007,NA,14.2168941130015,13.6835515024864,NA,14.760290627815,NA,100,NA
"S92000003","C44","Non-melanoma skin cancer","All","d","2017-2021",2,1,3,13,35,83,288,545,889,1611,2542,3681,4761,6113,8614,9121,8859,6372,3356,56889,0.148156269306614,0.0669350315197063,0.204749086819073,0.914004803446782,2.02496843942047,4.38049045660016,15.6249745687263,31.0503802389683,54.9136946971531,89.0529049433483,127.371939089957,187.861426552613,276.287499165799,404.625425277009,621.799059433278,932.785450142357,1253.16686682821,1533.5038830956,1550.97513633423,208.597797749348,206.887143739875,210.31907951455,222.424348696407,220.559833821844,NA,224.296602975617,NA,87.2186794430517,86.4191774932758,NA,88.0218118800705,NA,100,NA
"S92000003","C44","Non-melanoma skin cancer","Male",NA,"2017-2021",1,1,3,6,16,37,123,224,385,736,1314,2062,2747,3622,5465,5774,5574,3893,1789,33772,0.143895244262177,0.13069452376876,0.400859978273389,0.825140377006638,1.83051491240414,3.90470823386881,13.4983867781655,26.0359458777775,48.4280993669127,84.1502539371114,136.341280694946,216.940735830992,328.950913626136,497.359408771212,832.257160609642,1316.76168757127,1885.28000162349,2487.81017746337,2690.26601903788,254.119165424865,251.41606328109,256.844086018287,288.778320656539,285.642750739328,NA,291.930770180921,NA,106.479867025636,105.243517927835,NA,107.723336093501,NA,100,NA
"S92000003","C44","Non-melanoma skin cancer","Females",NA,"2017-2021",1,0,0,7,19,46,165,321,504,875,1228,1619,2014,2491,3149,3347,3285,2479,1567,23117,0.152677350009771,0,0,1.00695808033512,2.22391031320851,4.85646506354051,17.7041855913681,35.8714127190419,61.1716556764019,93.6418770755053,118.995476621459,160.466552288408,226.769625030683,318.324826780689,432.147135875897,620.591703688321,798.745349770224,957.009836470606,1045.49609356756,165.330784582076,163.206308337312,167.476006706912,156.070376736275,154.057264029011,NA,158.096376393162,NA,67.9574918604678,66.9458252816198,NA,68.9766403152426,NA,100,NA
"S92000003","C44, M-8090-8098","Basal cell carcinoma of the skin","All","d","2017-2021",0,1,1,7,31,75,251,507,827,1443,2232,3122,3859,4714,6056,5662,4749,2745,1231,37513,0,0.0669350315197063,0.0682496956063576,0.492156432625191,1.79354347491527,3.95827450897605,13.6175993637163,28.8853995984531,51.0839432109625,79.7661960479526,111.838775786304,159.332619857989,223.943175652345,312.024252372946,437.150580906423,579.040808979939,671.778919806657,660.61961065559,568.906553285886,137.550830335764,136.162366899657,138.94992501023,141.768827676482,140.316722963942,NA,143.228304213007,NA,62.9979129256533,62.2930198361158,NA,63.70671705168,NA,100,NA
"S92000003","C44, M-8090-8098","Basal cell carcinoma of the skin","Male",NA,"2017-2021",0,1,1,3,13,32,105,203,357,631,1099,1680,2146,2622,3558,3191,2612,1409,546,20209,0,0.13069452376876,0.133619992757796,0.412570188503319,1.48729336632836,3.37704495902167,11.523013103312,23.5950759517359,44.9060557765917,72.1451226009746,114.03277586282,176.750938989363,256.981674787655,360.04317222477,541.842813805875,727.708095781072,883.450190929415,900.417297725632,821.064978420728,152.063668544093,149.974274225407,154.17489303755,165.619331462256,163.310391097971,NA,167.944255474051,NA,70.3487182982177,69.2997428575811,NA,71.4054642892483,NA,100,NA
"S92000003","C44, M-8090-8098","Basal cell carcinoma of the skin","Females",NA,"2017-2021",0,0,0,4,18,43,146,304,470,812,1133,1442,1713,2092,2498,2471,2137,1336,685,17304,0,0,0,0.575404617334352,2.10686240198701,4.53973908113569,15.6655217959984,33.9716805812733,57.0449963648986,86.8996619260689,109.789800498463,142.923266460707,192.878037575749,267.336626906946,342.808366280721,458.166148734342,519.609988571984,515.758427400052,457.029243199605,123.756711355637,121.91956816612,125.61460759404,117.918323890709,116.161563184404,NA,119.688086640834,NA,55.6471075530889,54.7076462914299,NA,56.5944559793151,NA,100,NA
"S92000003","C44, M-8050-8078, M-8083-8084","Squamous cell carcinoma of the skin","All","d","2017-2021",0,0,0,3,1,4,25,27,55,151,299,546,877,1367,2485,3369,4001,3513,2069,18792,0,0,0,0.210924185410796,0.057856241126299,0.211107973812056,1.35633459797971,1.53827571826081,3.39736018936268,8.3469824000283,14.9819865412656,27.8653460738187,50.8935384936789,90.4830617297025,179.378994972335,344.540530811271,565.969142587162,845.44870391005,956.188187448008,68.9055848284511,67.9238814234915,69.8979271183718,78.2643105417614,77.1145419283096,NA,79.422469492873,NA,23.3579721961246,22.9917757266915,NA,23.7270219212549,NA,100,NA
"S92000003","C44, M-8050-8078, M-8083-8084","Squamous cell carcinoma of the skin","Male",NA,"2017-2021",0,0,0,2,1,3,13,16,23,95,208,377,587,981,1862,2513,2884,2412,1211,13188,0,0,0,0.275046792335546,0.114407182025259,0.316597964908282,1.42665876517197,1.85971041984125,2.89310723490647,10.8617854946,21.5821814189869,39.6637523803512,70.2927507457378,134.707228052059,283.561360119882,573.09007981756,975.448066860809,1541.38149191925,1821.08001624085,99.2337899331729,97.5472993807099,100.942122972809,119.761497525658,117.67469409838,NA,121.866387804009,NA,35.0036388428092,34.3656409448568,NA,35.6474233763827,NA,100,NA
"S92000003","C44, M-8050-8078, M-8083-8084","Squamous cell carcinoma of the skin","Females",NA,"2017-2021",0,0,0,1,0,1,12,11,32,56,91,169,290,386,623,856,1117,1101,858,5604,0,0,0,0.143851154333588,0,0.105575327468272,1.28757713391768,1.22923844208555,3.88391464612076,5.99308013283234,8.81806870729051,16.7503689541327,32.6530244582413,49.3269302036717,85.4962418706523,158.717208950464,271.59773384881,425.037446532528,572.454146956586,40.0793233031084,39.0367659170171,41.1426739628813,36.7671235578644,35.8069923694592,NA,37.7397807894827,NA,11.7123055494399,11.3547062911703,NA,12.0753717484376,NA,100,NA
"S92000003","C16","Stomach","All","d","2017-2021",0,0,0,0,4,6,13,18,44,80,149,213,275,342,475,513,510,342,137,3121,0,0,0,0,0.231424964505196,0.316661960718084,0.70529399094945,1.02551714550721,2.71788815149014,4.42224233114082,7.46593978143336,10.8705470947315,15.9586352175162,22.6373131759753,34.2877354574886,52.4634290015381,72.1430299223826,82.3067055898768,63.3145392365283,11.4439298770538,11.0459225205349,11.8526140901844,12.0348839007015,11.6090750609636,NA,12.4682547559433,NA,4.77963260589676,4.59424503784138,NA,4.96863575405341,NA,100,NA
"S92000003","C16","Stomach","Male",NA,"2017-2021",0,0,0,0,2,6,7,11,24,40,92,153,186,237,305,331,298,200,59,1951,0,0,0,0,0.228814364050518,0.633195929816563,0.768200873554136,1.27855091364086,3.01889450598936,4.57338336614736,9.54596485839806,16.0969605151027,22.2733418035898,32.5439480615067,46.4480208574457,75.484606613455,100.791790542483,127.809410606903,88.7231386938149,14.6804006793767,14.0361421933548,15.3466039246868,16.2294019315995,15.5062465639442,NA,16.968807053204,NA,6.40426118320845,6.09890177443275,NA,6.71697490023363,NA,100,NA
"S92000003","C16","Stomach","Females",NA,"2017-2021",0,0,0,0,2,0,6,7,20,40,57,60,89,105,170,182,212,142,78,1170,0,0,0,0,0.234095822443001,0,0.643788566958839,0.782242644963531,2.42744665382547,4.28077152345167,5.52340567379735,5.9468765517631,10.0211006095982,13.4179473351957,23.3296326131796,33.7459486319912,51.5476450993265,54.8186352476104,52.0412860869623,8.36773880525282,7.89507626607552,8.86130521146516,7.84036586980339,7.39578380296749,NA,8.29774089208776,NA,3.15500402858507,2.94717619551461,NA,3.36981243345989,NA,100,NA
